{
    "default_timeout": 15,
    "default_user_agent": "Mozilla/5.0 (Windows NT 10.0; Win64; x64; rv:120.0) Gecko/20100101 Firefox/120.0 DarkCoderOmega/8.0",
    "hibp_api_key": null,
    "http_verify_ssl": false,
    "log_level": "INFO",
    "max_crawl_depth": 3,
    "max_threads_ddos": 250,
    "max_threads_osint_user": 20,
    "max_threads_scan": 150,
    "nmap_executable_path": "nmap",
    "proxies_file": null,
    "report_subdir": "DarkCoder_Omega_Reports",
    "resume_crack_file": "dc_crack_session_v8.json",
    "retry_attempts": 2,
    "shodan_api_key": null,
    "virustotal_api_key": null,
    "wordlist_path_hash_crack": null
}